{
  "params_total": 232290,
  "params_trainable": 232290,
  "flops_est": 24289056,
  "latency_s": 0.0016676807403564454,
  "L": 121,
  "d": 144,
  "n_heads": 4,
  "n_layers": 1,
  "run_tag": "nb2_h6",
  "fold": 5,
  "val_best_acc": 0.7888888888888889,
  "val_best_f1": 0.7888457961942347,
  "tr_at_best_acc": 0.8823529411764706,
  "tr_at_best_f1": 0.8822605595646609,
  "train_time_s": 22.67835283279419,
  "train_mem_mb": 308.41162109375,
  "test_time_s": 12.992823839187622,
  "test_mem_mb": 131.287109375
}