{
  "params_total": 232290,
  "params_trainable": 232290,
  "flops_est": 24289056,
  "latency_s": 0.0021738815307617188,
  "L": 121,
  "d": 144,
  "n_heads": 4,
  "n_layers": 1,
  "run_tag": "nb2_h6",
  "fold": 2,
  "val_best_acc": 0.8015873015873016,
  "val_best_f1": 0.8014747589336358,
  "tr_at_best_acc": 0.8628287135749823,
  "tr_at_best_f1": 0.862706375749854,
  "train_time_s": 23.835898399353027,
  "train_mem_mb": 286.60888671875,
  "test_time_s": 12.08516001701355,
  "test_mem_mb": 112.65771484375
}