{
  "params_total": 232290,
  "params_trainable": 232290,
  "flops_est": 24289056,
  "latency_s": 0.001652674674987793,
  "L": 121,
  "d": 144,
  "n_heads": 4,
  "n_layers": 1,
  "run_tag": "nb2_h6",
  "fold": 4,
  "val_best_acc": 0.7904761904761904,
  "val_best_f1": 0.7903050108932461,
  "tr_at_best_acc": 0.8774509803921569,
  "tr_at_best_f1": 0.8774134081966722,
  "train_time_s": 23.928480863571167,
  "train_mem_mb": 310.30224609375,
  "test_time_s": 10.763755321502686,
  "test_mem_mb": 104.06982421875
}