{
  "params_total": 232290,
  "params_trainable": 232290,
  "flops_est": 24289056,
  "latency_s": 0.0016460990905761718,
  "L": 121,
  "d": 144,
  "n_heads": 4,
  "n_layers": 1,
  "run_tag": "nb2_h6",
  "fold": 3,
  "val_best_acc": 0.8174603174603174,
  "val_best_f1": 0.8174230568596765,
  "tr_at_best_acc": 0.912224591329069,
  "tr_at_best_f1": 0.9122205895632045,
  "train_time_s": 21.01532769203186,
  "train_mem_mb": 286.60888671875,
  "test_time_s": 11.103537797927856,
  "test_mem_mb": 112.65771484375
}