{
  "params_total": 232290,
  "params_trainable": 232290,
  "flops_est": 24289056,
  "latency_s": 0.0024775123596191407,
  "L": 121,
  "d": 144,
  "n_heads": 4,
  "n_layers": 1,
  "run_tag": "nb2_h6",
  "fold": 1,
  "val_best_acc": 0.7841269841269841,
  "val_best_f1": 0.7840486344251882,
  "tr_at_best_acc": 0.8454157782515992,
  "tr_at_best_f1": 0.8454087306072628,
  "train_time_s": 13.364166021347046,
  "train_mem_mb": 286.60888671875,
  "test_time_s": 12.531626462936401,
  "test_mem_mb": 112.65771484375
}